"Time_Iter","Outer_Iter","Inner_Iter",    "rms[Rho]"    ,    "rms[RhoU]"   ,    "rms[RhoV]"   ,    "rms[RhoE]"   ,     "rms[nu]"    
          0,           0,           0,      -0.717360904,       1.805081464,      -12.84496576,       4.754661192,      -5.419112226
          0,           0,           1,     -0.9659154583,       1.577804643,      0.5199530183,       4.511166889,      -5.442076199
          0,           0,           2,      -1.116410046,       1.463890665,      0.7181568298,       4.363435853,      -5.483698437
          0,           0,           3,      -1.171057627,       1.420147907,      0.7886843153,       4.312080535,      -5.530638447
          0,           0,           4,      -1.224373107,       1.366170185,      0.8151024436,       4.258448002,      -5.573725267
          0,           0,           5,      -1.290091198,       1.312658407,      0.8245357858,       4.190531288,      -5.612784899
          0,           0,           6,      -1.351925889,       1.275176435,      0.8268044336,       4.126848235,      -5.650461054
          0,           0,           7,      -1.401682789,       1.249921371,      0.8238428378,       4.076488494,      -5.689457154
          0,           0,           8,      -1.445785581,        1.23038219,      0.8143894331,       4.032651672,      -5.731551076
          0,           0,           9,      -1.493457562,       1.215924688,      0.7969312543,       3.985648182,      -5.775337253
          0,           0,          10,      -1.547370264,       1.206834209,      0.7710107018,       3.932569072,      -5.815538431
          0,           0,          11,      -1.602292021,       1.201119181,      0.7379035131,       3.878320719,      -5.845325082
          0,           0,          12,      -1.647719959,       1.196138398,      0.7006046457,       3.832982446,      -5.861066167
          0,           0,          13,       -1.67506687,       1.190553073,      0.6636019317,       3.805158757,      -5.864653052
          0,           0,          14,      -1.685222742,         1.1844543,        0.63209592,       3.794616229,      -5.860810901
          0,           0,          15,      -1.686092666,       1.178533978,      0.6099577502,       3.794005921,       -5.85319958
          0,           0,          16,      -1.684007817,       1.173320553,      0.5970029455,       3.796944456,      -5.843268285
          0,           0,          17,      -1.679824437,        1.16893797,      0.5881147443,       3.802145054,      -5.831065256
          0,           0,          18,      -1.670896469,       1.165182497,       0.575788849,       3.811856098,      -5.816520309
          0,           0,          19,      -1.655660126,       1.161743136,      0.5539475937,       3.827655391,      -5.800145844
          0,           0,          20,      -1.636646216,       1.158386105,      0.5210908209,       3.847466899,      -5.782982322
          0,           0,          21,      -1.619376861,       1.155037004,      0.4833902383,       3.866278649,      -5.766033918
          0,           0,          22,      -1.609079885,       1.151746101,      0.4564930587,       3.879106892,      -5.749857614
          0,           0,          23,      -1.608513977,       1.148574706,      0.4569178923,        3.88317841,      -5.734459408
          0,           0,          24,      -1.617470157,       1.145468591,       0.483595648,       3.878545737,      -5.719566388
          0,           0,          25,      -1.633134098,       1.142245947,      0.5195968631,       3.867765223,      -5.704972255
          0,           0,          26,       -1.65112399,       1.138689472,      0.5506698511,       3.854839102,      -5.690731367
          0,           0,          27,      -1.667266855,       1.134677699,      0.5717075596,       3.843486603,      -5.677133778
          0,           0,          28,      -1.679486057,       1.130271197,      0.5836288227,       3.835468109,      -5.664554674
          0,           0,          29,      -1.688383184,       1.125704238,      0.5897284442,       3.830198107,      -5.653287847
          0,           0,          30,      -1.696050524,       1.121297919,      0.5931806155,       3.825877752,      -5.643447953
          0,           0,          31,      -1.704410071,       1.117350635,      0.5956872179,       3.820922844,      -5.634968269
          0,           0,          32,      -1.714350389,       1.114066675,      0.5973230889,       3.814663122,      -5.627642942
          0,           0,          33,      -1.725739541,       1.111543171,      0.5972227012,       3.807297899,      -5.621207655
          0,           0,          34,      -1.737889548,       1.109808268,      0.5944220645,       3.799491227,      -5.615400025
          0,           0,          35,      -1.750048954,       1.108869416,      0.5883488015,       3.791959794,      -5.609984807
          0,           0,          36,       -1.76173407,       1.108740608,      0.5789569709,       3.785206232,      -5.604783341
          0,           0,          37,      -1.772809111,        1.10945349,      0.5666143231,       3.779461583,      -5.599667768
          0,           0,          38,      -1.783341719,       1.111045181,      0.5519403435,       3.774780308,      -5.594555307
          0,           0,          39,      -1.793389604,       1.113539389,      0.5356766998,       3.771174722,      -5.589408218
          0,           0,          40,      -1.802857119,       1.116942703,      0.5186150094,       3.768704766,      -5.584224343
          0,           0,          41,      -1.811461154,       1.121249518,      0.5015811252,       3.767498608,      -5.579034125
          0,           0,          42,      -1.818824974,       1.126441907,      0.4854444954,       3.767698578,      -5.573892875
          0,           0,          43,      -1.824585465,        1.13250332,      0.4711356806,       3.769417886,      -5.568865492
          0,           0,          44,      -1.828478262,       1.139424022,      0.4595354081,       3.772720989,      -5.564016815
          0,           0,          45,      -1.830349335,       1.147200525,      0.4513408967,       3.777637326,      -5.559399371
          0,           0,          46,       -1.83013881,       1.155833808,       0.446908618,       3.784175792,      -5.555044739
          0,           0,          47,      -1.827865163,       1.165325791,       0.446151249,       3.792327904,      -5.550961062
          0,           0,          48,      -1.823608898,       1.175680193,      0.4486100817,       3.802062505,      -5.547134986
          0,           0,          49,      -1.817514073,       1.186902825,      0.4535929735,       3.813315734,      -5.543540721
          0,           0,          50,      -1.809796668,       1.199003573,      0.4603896352,       3.825984086,      -5.540144775
          0,           0,          51,      -1.800740894,       1.212000418,      0.4684020386,       3.839929942,      -5.536924561
          0,           0,          52,       -1.79067348,       1.225919011,      0.4772056998,       3.855001661,      -5.533857459
          0,           0,          53,      -1.779910897,       1.240788089,      0.4865528261,        3.87106258,      -5.530930006
          0,           0,          54,      -1.768694702,       1.256627645,       0.496323992,       3.888017706,      -5.528133974
          0,           0,          55,      -1.757124924,       1.273438253,      0.5064842791,       3.905833901,      -5.525460183
          0,           0,          56,      -1.745105651,       1.291201112,      0.5170202928,       3.924565683,      -5.522894503
          0,           0,          57,      -1.732363587,       1.309887798,      0.5278967804,       3.944330449,      -5.520412107
          0,           0,          58,      -1.718489867,       1.329466006,      0.5390383524,       3.965290068,      -5.517981861
          0,           0,          59,       -1.70305222,       1.349907879,      0.5503317745,       3.987598672,      -5.515569004
          0,           0,          60,      -1.766939364,       1.334614912,      0.5594424656,       3.936560931,       -5.51359046
          0,           0,          61,      -1.742396034,       1.347567948,      0.5590459502,       3.957231701,      -5.511283037
          0,           0,          62,      -1.717815835,       1.360945706,      0.5599846374,       3.977951947,      -5.508837315
          0,           0,          63,      -1.696222704,       1.374265361,      0.5628588054,       3.996847172,      -5.506210917
          0,           0,          64,      -1.677066945,        1.38760445,      0.5675746865,       4.014304618,      -5.503406384
          0,           0,          65,      -1.659236866,       1.401139771,      0.5736769454,       4.031191464,      -5.500480974
          0,           0,          66,       -1.64191872,       1.415200263,      0.5809788784,       4.048266109,      -5.497514806
          0,           0,          67,      -1.624427911,        1.43015486,      0.5896804561,        4.06622896,      -5.494600305
          0,           0,          68,      -1.750055548,       1.384466515,      0.5996419775,       3.946395023,      -5.491405797
          0,           0,          69,      -1.740200701,       1.382123434,      0.5983841646,       3.943027834,      -5.488808072
          0,           0,          70,      -1.725792448,       1.381933283,      0.6002804578,       3.946199487,      -5.486632544
          0,           0,          71,      -1.713123201,       1.383726123,      0.6063207035,       3.952288819,      -5.484733952
          0,           0,          72,      -1.704119059,       1.387338783,      0.6154132064,        3.95925608,      -5.482972133
          0,           0,          73,      -1.697690693,       1.392547254,      0.6252189517,       3.966859593,      -5.481275427
          0,           0,          74,      -1.691912729,       1.399202241,      0.6339227293,       3.975585399,      -5.479664738
          0,           0,          75,      -1.684407345,        1.40755777,      0.6406009932,       3.986582359,      -5.478232944
          0,           0,          76,       -1.67452238,       1.417369447,      0.6457500643,       3.999948857,      -5.477127471
          0,           0,          77,      -1.662118955,       1.428631072,       0.650235997,       4.015613551,      -5.476521058
          0,           0,          78,      -1.647686565,       1.441902382,      0.6549096943,       4.033443746,      -5.476602344
          0,           0,          79,      -1.631039829,        1.45688824,      0.6610233114,        4.05334826,      -5.477421686
          0,           0,          80,      -1.611520846,       1.473448695,      0.6700564666,       4.075577837,      -5.478923628
          0,           0,          81,      -1.588985325,       1.491695618,      0.6826886275,       4.100116665,      -5.481025894
          0,           0,          82,      -1.563494787,       1.511820952,      0.6988514216,       4.126883973,      -5.483614559
          0,           0,          83,       -1.53504762,       1.534509532,       0.718013504,       4.156012665,      -5.486574022
          0,           0,          84,      -1.503719823,       1.559461122,      0.7396175137,       4.187339535,      -5.489698905
          0,           0,          85,      -1.469416634,       1.586737088,      0.7632644899,       4.220955851,      -5.492733893
          0,           0,          86,      -1.431820234,       1.616748868,      0.7886748681,       4.257200995,      -5.495389145
          0,           0,          87,      -1.390559062,       1.649926041,      0.8158519989,       4.296460635,      -5.497331419
          0,           0,          88,      -1.377750088,       1.661266598,      0.8240698726,        4.28809735,      -5.496423746
          0,           0,          89,      -1.328529465,       1.692066448,      0.8373795582,       4.323374851,      -5.494449314
          0,           0,          90,      -1.267069216,       1.732700076,      0.8526799043,       4.371242272,      -5.490740006
          0,           0,          91,      -1.205767628,       1.773422479,       0.871085116,       4.420208289,        -5.4842083
          0,           0,          92,      -1.148657073,       1.813925073,      0.8942749146,       4.466965304,      -5.477804746
          0,           0,          93,     -0.9786506166,       1.943949452,      0.9228820248,       4.698195558,      -5.509132521
          0,           0,          94,      -1.055502502,        1.89592501,      0.9582925266,       4.552921547,      -5.493897636
          0,           0,          95,     -0.9976988104,       1.945972506,      0.9964118712,       4.599457574,      -5.491127401
          0,           0,          96,     -0.9533410548,       1.980725895,       1.032417254,       4.635035755,      -5.479483056
          0,           0,          97,     -0.9277796413,       2.002021764,        1.06834017,       4.655018263,      -5.470410615
          0,           0,          98,     -0.8225561584,       2.106348695,        1.10574812,       4.841551923,      -5.506375618
          0,           0,          99,     -0.8349646859,       2.098261501,       1.148925037,       4.744405978,      -5.490059068
          0,           0,         100,     -0.8153675314,       2.117675535,       1.195779553,       4.756010602,      -5.475092249
          0,           0,         101,     -0.8049521359,       2.130486833,       1.238901303,        4.75982961,      -5.462808243
          0,           0,         102,     -0.7898949002,       2.148844594,       1.279059892,       4.768295695,      -5.453856657
          0,           0,         103,      -0.764752321,       2.175140807,       1.314544029,       4.787076175,      -5.442455395
          0,           0,         104,     -0.7303490457,       2.207936882,         1.3447257,       4.815941715,      -5.421309593
          0,           0,         105,     -0.6901243152,       2.244508817,       1.369802214,       4.851631871,      -5.388290706
          0,           0,         106,     -0.6464248262,       2.283518876,       1.390466631,       4.891445004,      -5.345768946
          0,           0,         107,      -0.597008079,       2.328408351,        1.40982909,       4.937285223,      -5.300076816
          0,           0,         108,     -0.5418419629,       2.380271962,        1.42989399,       4.988985323,      -5.253593164
          0,           0,         109,     -0.3891645513,       2.529757943,       1.444114184,       5.270518372,      -5.202422026
          0,           0,         110,     -0.3730152779,       2.543721789,       1.516719819,       5.156043441,      -5.172194662
          0,           0,         111,     -0.3088669244,       2.620441238,        1.54497274,       5.261200887,      -5.125132098
          0,           0,         112,     -0.2626176735,       2.649152491,       1.614599484,        5.25910763,      -5.087598515
          0,           0,         113,     -0.2861131619,       2.637749892,       1.617598166,       5.244621201,       -5.03625263
          0,           0,         114,     -0.2940623443,       2.608968096,       1.639899263,       5.257781907,      -4.993998721
          0,           0,         115,     -0.3353412826,       2.568394474,       1.619905833,       5.225671987,      -4.948286473
          0,           0,         116,     -0.3787678506,       2.533326895,       1.615339602,       5.145231397,      -4.899324015
          0,           0,         117,     -0.3770001967,       2.519005598,       1.635298985,       5.123891956,      -4.849042048
          0,           0,         118,     -0.3794977327,        2.50216521,       1.673761961,       5.116926487,      -4.799858192
          0,           0,         119,     -0.3820631516,       2.494627402,       1.710542341,       5.091008877,      -4.756722349
          0,           0,         120,     -0.3782236738,        2.50080281,       1.748984917,       5.075396287,      -4.717781191
          0,           0,         121,     -0.3685834168,       2.510578795,       1.778989288,       5.075747167,      -4.681883998
          0,           0,         122,     -0.3586188835,       2.517499197,       1.798740227,        5.08675484,      -4.651257618
          0,           0,         123,     -0.3537942299,       2.512141216,       1.798343573,       5.096810051,      -4.623638098
          0,           0,         124,     -0.3589255661,       2.498058474,        1.79642232,       5.097840145,      -4.599220272
          0,           0,         125,      -0.368678318,       2.482821649,       1.797565426,       5.094760143,      -4.578756818
          0,           0,         126,     -0.3810050184,       2.467249814,        1.80423236,       5.088572546,      -4.557946503
          0,           0,         127,     -0.3950691712,       2.450618991,       1.814765432,        5.07860196,      -4.538422696
          0,           0,         128,     -0.4074883828,       2.435184415,       1.829143458,       5.068371901,      -4.520445812
          0,           0,         129,      -0.415769663,       2.421143172,        1.84706778,        5.05445165,      -4.500731816
          0,           0,         130,     -0.4148308995,       2.416232887,       1.867647852,       5.052083231,      -4.481657164
          0,           0,         131,     -0.4029812556,       2.423413643,        1.89072344,       5.060430222,      -4.465113652
          0,           0,         132,     -0.3796342814,        2.44339842,        1.91211067,       5.081554925,      -4.446661757
          0,           0,         133,     -0.3491242514,       2.472481389,       1.932926836,       5.110682559,      -4.429975372
          0,           0,         134,     -0.3157486022,         2.5070084,       1.951386841,       5.143887402,       -4.41581393
          0,           0,         135,       -0.28573952,       2.536619527,       1.972007347,       5.174014214,       -4.40449429
          0,           0,         136,     -0.2641687455,       2.553441979,       1.986302752,       5.194202006,      -4.393276745
          0,           0,         137,     -0.2529915494,       2.552205704,       2.001715596,       5.200076646,      -4.386204657
          0,           0,         138,     -0.2466983291,       2.543200764,       2.018995815,       5.198662603,      -4.383984623
          0,           0,         139,     -0.2468523739,       2.524890134,       2.036193638,       5.188738375,      -4.383860706
          0,           0,         140,     -0.2481365114,       2.507922869,       2.046218959,       5.178705388,      -4.385226301
          0,           0,         141,      -0.245034159,       2.497430209,       2.049964408,       5.176067015,      -4.387702092
          0,           0,         142,      -0.241858942,       2.492063499,       2.045784462,       5.178320367,      -4.391955201
          0,           0,         143,     -0.2448808334,       2.485400812,       2.037153946,       5.177085981,      -4.397535089
          0,           0,         144,     -0.2525049233,        2.47967873,       2.024131936,       5.172889935,      -4.404989882
          0,           0,         145,     -0.2648175564,       2.477652265,       2.002740487,       5.167039303,      -4.412909862
          0,           0,         146,     -0.2835038114,       2.474141841,       1.978000915,       5.157362863,      -4.418822296
          0,           0,         147,     -0.3069587781,        2.46799833,       1.959154439,       5.144204913,      -4.421368768
          0,           0,         148,     -0.3322573086,       2.459295494,       1.955575779,       5.128525251,      -4.420555454
          0,           0,         149,     -0.3531900522,       2.453316088,        1.97103202,       5.114548471,      -4.417290528
          0,           0,         150,     -0.3662247937,       2.452071018,       1.994255548,       5.104961234,      -4.412627439
          0,           0,         151,     -0.3656401257,       2.463743993,        2.01760093,       5.106580608,      -4.407228264
          0,           0,         152,     -0.3643602638,       2.466109497,       2.033854151,       5.110950401,      -4.401452243
          0,           0,         153,     -0.3522686384,        2.47526297,       2.045413716,       5.128632879,      -4.395443521
          0,           0,         154,     -0.3434225885,        2.47452944,       2.042451926,       5.143957483,      -4.391798843
          0,           0,         155,     -0.3405771629,       2.467011458,       2.026933757,       5.152012807,       -4.39076009
          0,           0,         156,     -0.3393203789,       2.465253808,       2.007502589,       5.154980491,      -4.387752613
          0,           0,         157,     -0.3416643454,       2.461826251,       1.990652923,       5.152820594,      -4.382028022
          0,           0,         158,      -0.355538575,       2.446126753,       1.972670858,        5.13909393,      -4.373601952
          0,           0,         159,     -0.3673832569,       2.435391218,       1.953286081,       5.125894927,      -4.362561587
          0,           0,         160,      -0.373326943,       2.433537994,       1.936664041,       5.117128091,      -4.349361358
          0,           0,         161,     -0.3774576993,       2.436113076,       1.921830672,       5.108543946,      -4.334430666
          0,           0,         162,     -0.3850153439,       2.432696071,       1.905004386,       5.096619072,      -4.318300969
          0,           0,         163,     -0.3955707567,       2.422624606,       1.891367888,       5.082847171,      -4.301321357
          0,           0,         164,     -0.4103055268,       2.405891229,       1.879721459,       5.065330287,      -4.283189456
          0,           0,         165,     -0.4242648501,       2.389683229,       1.867823756,        5.04882329,      -4.264112427
          0,           0,         166,     -0.4331299797,       2.382509126,       1.851192263,       5.036830055,      -4.244375099
          0,           0,         167,     -0.4326193211,       2.387439053,        1.83437383,       5.035812523,      -4.224492146
          0,           0,         168,     -0.4279531043,       2.395246781,       1.823668374,       5.040240304,      -4.204649488
          0,           0,         169,     -0.4197685997,       2.405929915,       1.819400244,       5.049080063,      -4.184976442
          0,           0,         170,      -0.407407486,       2.420632461,       1.823082229,       5.063247602,      -4.165652743
          0,           0,         171,     -0.3908059701,       2.439594135,       1.835244624,       5.082850391,      -4.147003964
          0,           0,         172,     -0.3707242602,       2.461738359,        1.85632857,       5.107353488,      -4.128984588
          0,           0,         173,      -0.349615458,       2.484118277,       1.885062157,        5.13474239,       -4.11130842
          0,           0,         174,     -0.3326276342,       2.501759102,       1.917060297,       5.160399661,      -4.101501338
          0,           0,         175,     -0.3273237515,       2.507849765,       1.943563747,        5.17714259,      -4.094956193
          0,           0,         176,     -0.3401441249,       2.497173249,       1.952791001,       5.178026835,      -4.094578952
          0,           0,         177,     -0.3617755456,       2.480666259,       1.944211468,       5.171696533,      -4.092351301
          0,           0,         178,     -0.3241608075,       2.522884585,       1.960353496,       5.223931743,      -4.094392954
          0,           0,         179,     -0.1775499808,       2.666919801,       2.062060576,       5.384237021,      -4.089487941
          0,           0,         180,     0.03932539289,       2.886978764,       2.219409567,       5.599256928,      -4.072831313
          0,           0,         181,     0.06542535654,       2.944265606,       2.217049495,       5.607250331,       -4.04656123
          0,           0,         182,     0.09341653791,       2.988811203,       2.245621866,       5.625515738,       -4.01185083
          0,           0,         183,      0.1313657109,       3.025657981,       2.311676562,       5.677687241,      -3.974040178
          0,           0,         184,      0.1209622751,       3.028117148,        2.31979572,       5.682341393,      -3.945109548
          0,           0,         185,       0.124744516,       3.034643737,       2.363034005,       5.685611151,      -3.919864497
          0,           0,         186,      0.1656195574,       3.051793554,       2.441138983,       5.712110946,      -3.889387422
          0,           0,         187,      0.1756221048,       3.060879132,       2.466175276,       5.707230288,      -3.866280041
          0,           0,         188,      0.1285954554,       2.980731786,       2.462086181,        5.66413969,      -3.843898729
          0,           0,         189,      0.1275621165,       2.943597444,       2.481343939,       5.652097368,      -3.808090831
          0,           0,         190,      0.1689345629,       2.991081836,       2.495386211,       5.676368928,      -3.767379863
          0,           0,         191,      0.1992223771,       2.994127231,       2.514199493,       5.692585282,      -3.731195457
          0,           0,         192,      0.2110000643,       2.986324785,       2.515417302,       5.704381653,      -3.701291563
          0,           0,         193,      0.1847172433,       2.954951647,       2.490959956,       5.692242823,      -3.673407005
          0,           0,         194,      0.1734305245,       2.942294372,       2.474210663,       5.688463748,      -3.641682013
          0,           0,         195,      0.1568921615,       2.926700204,       2.457251099,       5.677253718,      -3.625421681
          0,           0,         196,      0.1570340792,       2.925733543,       2.447673028,       5.675939369,      -3.623327744
          0,           0,         197,      0.1613065372,       2.937115293,       2.427246801,       5.685701983,      -3.629843445
          0,           0,         198,       0.148484566,       2.929841116,       2.399452798,       5.679346467,      -3.631644724
          0,           0,         199,      0.1344930291,       2.917884773,       2.373499957,       5.668902165,      -3.642744955
          0,           0,         200,      0.1156946062,       2.905336766,       2.352759915,       5.658015046,      -3.664521729
          0,           0,         201,     0.09192446802,        2.88425823,       2.333307484,       5.637430451,       -3.69043472
          0,           0,         202,     0.07183770048,       2.866558016,       2.321088816,       5.620819056,      -3.712634819
          0,           0,         203,     0.05327707978,       2.854382904,       2.315069894,       5.609601734,      -3.721408619
          0,           0,         204,     0.03107719444,       2.834322567,       2.315158278,       5.591952227,      -3.730800215
          0,           0,         205,    0.003093658409,       2.802940231,       2.304300818,       5.564156115,      -3.739533301
          0,           0,         206,    -0.02634761807,       2.769019167,       2.292311607,       5.532355725,      -3.744682417
          0,           0,         207,    -0.05097805006,       2.741291581,       2.289285891,       5.506302253,      -3.749138362
          0,           0,         208,    -0.06366989863,       2.729884514,       2.290773946,        5.49332022,      -3.754328644
          0,           0,         209,    -0.07036191198,        2.73206815,       2.292759472,       5.490110167,      -3.759661563
          0,           0,         210,    -0.08129896031,       2.729753474,       2.290274364,       5.485128868,      -3.765192727
          0,           0,         211,    -0.09418213277,       2.725754208,       2.287924955,       5.477610466,      -3.779677259
          0,           0,         212,     -0.1035742489,       2.721413952,       2.292456363,        5.47245074,      -3.798733308
          0,           0,         213,     -0.1087477808,        2.71903444,        2.29361629,       5.471677339,      -3.808485363
          0,           0,         214,     -0.1161917884,       2.711413605,       2.284032126,       5.468166477,      -3.809206145
          0,           0,         215,     -0.1286486892,        2.69610716,       2.263724408,       5.459226838,       -3.80777128
          0,           0,         216,     -0.1435855816,       2.676231046,       2.241131944,       5.447486305,      -3.818122384
          0,           0,         217,     -0.1585818288,       2.654834061,       2.217630282,       5.435157259,      -3.837506004
          0,           0,         218,     -0.1776254701,       2.627120134,       2.185619451,        5.41781031,      -3.863789277
          0,           0,         219,     -0.2053687356,       2.586549239,       2.143954772,       5.389050797,      -3.896573149
          0,           0,         220,     -0.1691604477,       2.691743862,       2.140232922,       5.567298649,      -3.934529019
          0,           0,         221,     -0.2715264951,       2.503677852,       2.059836001,       5.314216721,      -3.980745569
          0,           0,         222,     -0.3303492855,       2.412545749,       2.017604337,       5.246802944,      -4.030855777
          0,           0,         223,      -0.371457168,       2.354152578,       1.982584857,       5.198696631,      -4.083158835
          0,           0,         224,     -0.4065224396,       2.310623083,       1.950124616,       5.155685958,      -4.134236532
          0,           0,         225,     -0.4286630598,       2.302502329,       1.922675396,       5.128637489,      -4.179983343
          0,           0,         226,     -0.4359400412,       2.311679621,       1.900053871,       5.119617836,      -4.215615959
          0,           0,         227,     -0.4412860048,        2.29843326,       1.877375053,       5.112663703,      -4.240890505
          0,           0,         228,     -0.4467748893,       2.274191812,       1.855917442,       5.102819556,       -4.25547176
          0,           0,         229,     -0.4494641818,       2.259465293,       1.838773145,       5.096236109,      -4.259753343
          0,           0,         230,     -0.4500037798,       2.261151919,        1.82758709,       5.095427379,      -4.257865762
          0,           0,         231,     -0.4514146558,       2.269544798,        1.82002476,       5.097788792,      -4.257106528
          0,           0,         232,     -0.4630564872,       2.255652492,       1.810323496,       5.090180994,      -4.252767285
          0,           0,         233,     -0.4847677012,       2.213781761,       1.796097358,         5.0683401,      -4.246083078
          0,           0,         234,     -0.4987062046,       2.190654425,       1.782134258,       5.054912548,      -4.236829758
          0,           0,         235,       -0.51852652,       2.143253867,       1.765600611,       5.028245805,      -4.224861055
          0,           0,         236,     -0.5282524932,       2.124959445,       1.755436223,       5.010456549,      -4.210773313
          0,           0,         237,     -0.5253255507,       2.145449343,       1.754498894,       5.011177634,      -4.194757226
          0,           0,         238,     -0.2651167405,       2.643521955,       1.946586597,       5.550005147,      -4.140432514
          0,           0,         239,     -0.3775983716,       2.471481175,       1.848362179,       5.205192446,      -4.155484267
          0,           0,         240,     -0.3062362738,        2.58163277,       1.933392658,       5.491556349,      -4.107445977
          0,           0,         241,     -0.3846568721,       2.446459773,       1.885072966,       5.207124197,      -4.121544138
          0,           0,         242,     -0.3233825525,       2.553141772,       1.951683715,       5.453541105,      -4.072548281
          0,           0,         243,     -0.3836822579,       2.434244121,       1.926167527,       5.218394745,      -4.083638708
          0,           0,         244,     -0.3154988487,       2.558693523,       1.990319069,       5.448457167,      -4.027421905
          0,           0,         245,     -0.3616148901,        2.46687947,       1.980310528,       5.256891358,      -4.038866037
          0,           0,         246,     -0.3050277549,       2.566048901,       2.032257939,       5.455127655,      -3.975270448
          0,           0,         247,     -0.3031265954,       2.583489674,       2.057573481,       5.422152999,      -3.929004625
          0,           0,         248,     -0.3645640664,       2.464330242,       2.048983103,       5.278847957,      -3.938816548
          0,           0,         249,     -0.3144227921,       2.528010943,       2.082178181,       5.329390134,       -3.93183516
          0,           0,         250,     -0.2380552273,       2.655091863,       2.127786109,       5.517707867,      -3.838638532
          0,           0,         251,     -0.2756730418,         2.5745029,       2.109918913,       5.383295781,      -3.881583267
          0,           0,         252,      -0.255880224,       2.644005583,       2.125522346,       5.522091893,      -3.762406692
          0,           0,         253,      -0.282829481,       2.560721297,       2.087939524,       5.336151181,      -3.817181308
          0,           0,         254,     0.07905904091,       3.003870814,        2.28527551,       5.726167239,      -3.819420154
          0,           0,         255,     0.07905047237,       3.009421886,       2.286122539,        5.77766083,      -3.657592868
          0,           0,         256,      0.1724298524,       3.103922628,       2.356766874,       5.840593851,      -3.575781279
          0,           0,         257,      0.1648850721,       3.086843783,       2.349618403,        5.79241685,      -3.680616079
          0,           0,         258,      0.1873437958,       3.115228141,       2.377480162,       5.844298555,      -3.490369885
          0,           0,         259,      0.1944170375,       3.115074296,       2.383521148,        5.81311952,      -3.609464502
          0,           0,         260,      0.2029909462,       3.128847198,       2.395151029,       5.850660979,      -3.406391832
          0,           0,         261,      0.2040571943,        3.12795883,       2.403032871,       5.844598316,      -3.309645873
          0,           0,         262,      0.2074225981,       3.127353867,       2.410932377,       5.833018135,      -3.423170097
          0,           0,         263,      0.2075523423,       3.132849544,         2.4166672,       5.853250563,      -3.198017298
          0,           0,         264,      0.2083485832,       3.129212956,        2.42171941,       5.838999762,       -3.33558493
          0,           0,         265,      0.2081384936,       3.133805896,       2.422081163,       5.857959644,       -3.08702452
          0,           0,         266,      0.2053739652,        3.13032256,       2.424714172,       5.849036204,      -2.980193858
          0,           0,         267,      0.2091423476,       3.131957531,       2.430967879,       5.847852191,      -3.075354605
          0,           0,         268,      0.2085537777,       3.135139225,       2.433445501,       5.856638616,      -2.842335498
          0,           0,         269,       0.213534477,       3.137517295,       2.440855909,       5.855630593,       -2.96452139
          0,           0,         270,      0.2143564509,       3.141646265,       2.440478346,       5.863924978,      -2.709146358
          0,           0,         271,      0.2186480878,       3.143852973,       2.447980319,       5.861747631,       -2.86148805
          0,           0,         272,      0.2200773582,       3.147722772,       2.448995098,       5.873492445,      -2.586277111
          0,           0,         273,      0.2232656194,       3.150731244,       2.458188281,       5.869694362,      -2.482102951
          0,           0,         274,       0.233839061,       3.160901434,       2.473958019,       5.884464904,      -2.551424153
          0,           0,         275,      0.2350860808,       3.165076535,        2.47912719,       5.886214111,      -2.326380233
          0,           0,         276,      0.2417467575,       3.171103153,        2.49193471,       5.895951119,      -2.416811337
          0,           0,         277,      0.2425453511,       3.174603844,       2.494046397,       5.898334581,      -2.173593281
          0,           0,         278,      0.2469905579,        3.17842689,       2.504821114,       5.903106622,      -2.282499065
          0,           0,         279,      0.2484995254,       3.182329273,       2.507520292,       5.911018803,      -2.024919517
          0,           0,         280,      0.2508867518,       3.184349153,       2.516690703,       5.907662532,      -2.148110773
          0,           0,         281,       0.255518923,       3.191064923,       2.522774026,       5.925084959,      -1.887277701
          0,           0,         282,      0.2554683291,       3.190754427,       2.530206081,       5.911492447,      -2.029274534
          0,           0,         283,      0.2637368428,       3.200505852,       2.540206478,       5.938856935,      -1.772000745
          0,           0,         284,      0.2608353877,       3.197317421,       2.545129947,       5.915599059,      -1.936336862
          0,           0,         285,      0.2720262813,       3.209254279,        2.55811077,       5.949683527,      -1.684281739
          0,           0,         286,      0.2667709064,       3.203796253,        2.56068933,       5.920400327,      -1.863875778
          0,           0,         287,      0.2797717808,       3.216703809,       2.575258341,         5.9565125,      -1.635170717
          0,           0,         288,      0.2729787195,       3.210093974,       2.576299542,       5.925682455,      -1.790686749
          0,           0,         289,      0.2861030277,       3.222543969,       2.590446351,       5.958139038,       -1.62841911
          0,           0,         290,      0.2798401986,       3.216719919,       2.592258389,       5.931629672,      -1.708880414
          0,           0,         291,      0.2908502094,       3.227357883,       2.603783181,       5.956386861,      -1.632181719
          0,           0,         292,      0.2911218075,       3.228026091,       2.612852723,       5.952441398,      -1.545662005
          0,           0,         293,      0.2970738078,       3.233565885,       2.622638998,       5.950472121,       -1.61460217
          0,           0,         294,      0.3010724106,        3.23976735,       2.630645634,       5.961372639,       -1.52621819
          0,           0,         295,      0.3000064436,       3.238986078,       2.637156928,       5.958683533,      -1.439910362
          0,           0,         296,      0.3090101156,       3.248953302,       2.648217948,       5.967762725,      -1.503269321
          0,           0,         297,      0.3051596511,       3.247099129,        2.65405078,       5.968381346,      -1.370639545
          0,           0,         298,      0.3089258139,        3.25148225,       2.658631447,          5.971709,      -1.282199192
          0,           0,         299,      0.3132594318,       3.256142783,       2.670141274,       5.981143886,      -1.299420612
          0,           0,         300,      0.3141228881,       3.259217179,       2.679970515,       5.985523514,      -1.336284546
          0,           0,         301,      0.3069931072,        3.25331046,       2.674513069,       5.979310068,       -1.18900911
          0,           0,         302,      0.3102000494,       3.256396046,        2.68409576,       5.981910906,      -1.070937114
          0,           0,         303,      0.3203651163,       3.267573281,       2.698122717,       6.002252927,      -1.065850571
          0,           0,         304,      0.3223350329,       3.273019555,       2.710115861,       6.006733427,      -1.084929096
          0,           0,         305,       0.315244889,       3.266662696,       2.705969036,       5.996359913,      -1.111812784
          0,           0,         306,      0.3255404647,       3.278201371,        2.71844175,       6.027033033,     -0.8608481314
          0,           0,         307,      0.3183032514,       3.268915535,       2.719038847,       6.000986848,      -1.002161721
          0,           0,         308,      0.3213622204,       3.271246913,       2.725009208,       6.003183216,     -0.9839490617
          0,           0,         309,      0.3570931633,       3.311954176,         2.7552943,        6.02931822,     -0.9572938101
          0,           0,         310,      0.3350211719,       3.287439582,       2.751267014,       6.009072595,     -0.9396069465
          0,           0,         311,      0.3573499975,       3.312776033,       2.768956345,       6.028567637,     -0.9226314606
          0,           0,         312,      0.3434729736,       3.296883527,        2.77257651,       6.018475431,      -0.894886547
          0,           0,         313,      0.3431810955,       3.295635013,        2.77173612,         6.0290902,     -0.9093229126
          0,           0,         314,       0.348029797,       3.300948738,       2.792519084,       6.036025612,     -0.8740392812
          0,           0,         315,      0.3530401915,        3.30342206,       2.796713717,       6.039842668,     -0.8428117519
          0,           0,         316,      0.3560101058,       3.309546887,       2.814179061,       6.048841179,     -0.8316305209
          0,           0,         317,      0.3646064523,       3.315216075,       2.824807392,         6.0569891,     -0.8261939116
          0,           0,         318,       0.366666892,       3.321733868,       2.837322314,       6.061789439,     -0.7790992105
          0,           0,         319,      0.3776858044,       3.330172687,       2.853043039,       6.076547953,     -0.7996420822
          0,           0,         320,      0.3777404551,       3.335312534,       2.861525942,        6.07869416,     -0.7008360102
          0,           0,         321,      0.3872778544,       3.343006391,       2.877986467,       6.094384615,     -0.7546826167
          0,           0,         322,      0.3860572781,       3.344246211,        2.88215246,       6.090310696,     -0.7377046786
          0,           0,         323,       0.393946229,       3.354967941,       2.900347975,       6.098515551,     -0.7203003956
          0,           0,         324,      0.3982626148,       3.357603737,       2.897236884,       6.096168905,     -0.7093506797
          0,           0,         325,      0.4017854737,       3.361819984,        2.91787924,       6.103051435,     -0.7149333563
          0,           0,         326,      0.5573629859,       3.532417589,       3.046089938,       6.242295311,     -0.6964404329
          0,           0,         327,      0.4509240849,       3.408905645,       2.965653219,       6.146253337,     -0.6794127348
          0,           0,         328,      0.4583548934,        3.41803226,       2.978280828,       6.159373591,      -0.656786824
          0,           0,         329,       0.465216793,       3.425720184,       2.989923893,       6.172450077,      -0.637369507
          0,           0,         330,      0.4737082068,       3.434741053,       3.002517024,       6.187502365,     -0.6196913212
          0,           0,         331,      0.4783625734,       3.439309417,       2.998100721,       6.199152564,     -0.6010207989
          0,           0,         332,       0.479116215,       3.438994226,       3.005830694,       6.206992078,     -0.5836407946
          0,           0,         333,       0.471181909,       3.429621067,       2.993828136,       6.207220931,      -0.567408006
          0,           0,         334,      0.4601875028,       3.416574626,       2.981572561,       6.204719687,     -0.5535031554
          0,           0,         335,      0.4351780898,       3.389206093,       2.957076546,       6.188786594,     -0.5413372925
          0,           0,         336,      0.3944759559,       3.346100304,       2.917705445,       6.157507472,     -0.5329613472
          0,           0,         337,      0.3354873995,       3.284988862,       2.860536122,       6.107860714,     -0.5257707791
          0,           0,         338,      0.2551439839,       3.203272047,       2.782493201,       6.035520122,     -0.5177945688
          0,           0,         339,      0.1516061099,       3.099510393,        2.68227325,        5.93540613,     -0.5087464027
          0,           0,         340,     0.05717691877,        3.00347468,       2.595396889,       5.836569311,      -0.497501548
          0,           0,         341,    -0.01498186978,        2.92806373,       2.535037551,       5.753756451,     -0.4849584055
          0,           0,         342,    -0.05326411502,       2.885128941,       2.505745637,       5.703617144,     -0.4504509143
          0,           0,         343,    -0.07005944607,       2.872141554,       2.500095232,       5.687658928,     -0.4402267219
          0,           0,         344,     -0.0914214747,       2.849594566,       2.489738859,       5.666298212,      -0.439823879
          0,           0,         345,     -0.1111214142,       2.827835755,       2.477668001,       5.643642444,     -0.4429143175
          0,           0,         346,     -0.1248923988,       2.811851681,       2.466803211,       5.624554697,     -0.4549007736
          0,           0,         347,     -0.1376580619,        2.79840031,       2.451552447,       5.605747876,     -0.4612796595
          0,           0,         348,     -0.1465475094,       2.790686581,       2.433461944,       5.590654816,     -0.4619215617
          0,           0,         349,     -0.1479004116,       2.788955772,       2.419331024,       5.584026136,     -0.4576529652
          0,           0,         350,     -0.1461984092,       2.788687486,        2.40983936,       5.582037233,     -0.4497335855
          0,           0,         351,     -0.1491848681,       2.782297303,       2.404447591,       5.577580858,     -0.4480213938
          0,           0,         352,     -0.1441480681,       2.784907641,       2.402557851,       5.579274638,     -0.4433244608
          0,           0,         353,     -0.1526951186,       2.776325843,        2.39561101,       5.573501573,     -0.4328116544
          0,           0,         354,     -0.1636304841,       2.767527215,       2.389600299,       5.567026645,     -0.4188793637
          0,           0,         355,     -0.1744156434,       2.760727819,       2.383890226,       5.559976108,     -0.4031435129
          0,           0,         356,     -0.1823399781,       2.756339799,       2.376922113,       5.552849249,     -0.3866207035
          0,           0,         357,     -0.1872814348,       2.752368952,       2.371596741,       5.546080697,     -0.3778543324
          0,           0,         358,     -0.1897365703,       2.748143624,        2.36720536,       5.539314485,      -0.368146261
          0,           0,         359,     -0.1927527048,       2.741532842,       2.364029098,        5.53077537,     -0.3543110061
          0,           0,         360,     -0.1933200966,       2.737154063,        2.36360264,       5.523464191,     -0.3363323639
          0,           0,         361,      -0.192516184,       2.734684261,       2.366634371,       5.518369018,     -0.3141861664
          0,           0,         362,     -0.1917544807,        2.73317268,       2.373247878,       5.515649697,     -0.2879816049
          0,           0,         363,     -0.1910283662,       2.732008205,       2.382202747,       5.515439957,     -0.2581952399
          0,           0,         364,     -0.1906846751,       2.731327598,       2.392571834,       5.516531792,     -0.2258457146
          0,           0,         365,     -0.2019790524,       2.717425718,       2.400730045,       5.509803919,     -0.1929315203
          0,           0,         366,     -0.2075614793,       2.712854998,       2.409523909,       5.507324708,     -0.1610944826
          0,           0,         367,    0.003054147382,       2.881420616,       2.510817115,       5.769677937,      -0.125532179
          0,           0,         368,    -0.07029785135,       2.822024134,       2.491328487,       5.671109767,     -0.1014610325
          0,           0,         369,     -0.1060082013,       2.801760429,       2.494019358,       5.614694322,    -0.07808406739
          0,           0,         370,    -0.09965538771,       2.819671429,        2.51416045,       5.610897562,      -0.057031758
          0,           0,         371,    -0.07353702515,       2.857420216,       2.548864078,       5.637568003,    -0.03619892403
          0,           0,         372,     -0.0428204509,        2.89024148,       2.582170881,       5.671410238,    -0.01523933083
          0,           0,         373,   -0.008801048582,       2.925112595,       2.616950981,       5.708487729,    0.005952109073
          0,           0,         374,     0.02918404244,       2.963792243,       2.656128999,       5.748506494,     0.02703674782
          0,           0,         375,     0.06080277163,       2.995355753,       2.693436608,       5.782506677,     0.04694504938
          0,           0,         376,     0.08205116301,       3.015733378,       2.723045624,       5.806436964,     0.06573797876
          0,           0,         377,     0.09555484931,       3.028592063,       2.746662812,       5.822332763,      0.0850648636
          0,           0,         378,     0.09603679261,       3.030608938,       2.763295656,       5.824631349,      0.1046818034
          0,           0,         379,     0.09820703621,       3.034858501,        2.77722748,       5.825231455,      0.1227336852
          0,           0,         380,       0.108129257,        3.04621012,       2.791786104,       5.832633224,      0.1416877958
          0,           0,         381,      0.1241579733,       3.063465063,       2.808208271,       5.847034907,      0.1608688635
          0,           0,         382,      0.1145941374,       3.055241343,       2.803558327,       5.840043668,      0.1805809575
          0,           0,         383,     0.09063607196,       3.034402919,       2.784017155,       5.820076101,      0.1983045582
          0,           0,         384,     0.06427650917,       3.012535667,       2.757523357,       5.797157272,      0.2159849702
          0,           0,         385,      0.0417299069,       2.994444236,       2.727841565,       5.776481074,      0.2333411687
          0,           0,         386,     0.02799171885,       2.983852568,       2.698133093,       5.761837705,      0.2498719094
          0,           0,         387,     0.02793487079,       2.984845825,       2.672963582,       5.756602189,      0.2651169656
          0,           0,         388,     0.04838352094,       3.003780521,       2.661765331,       5.766969726,      0.2787121274
          0,           0,         389,     0.08744687672,       3.039543275,        2.67211724,        5.79327408,      0.2909916281
          0,           0,         390,      0.1430035639,        3.09151915,       2.710482412,       5.838693288,      0.2998340612
          0,           0,         391,      0.1999307758,       3.145819939,       2.762734087,       5.891134633,      0.3077853943
          0,           0,         392,      0.2469826902,       3.191221014,        2.81190794,       5.938225927,      0.3144467297
          0,           0,         393,      0.2792862449,       3.222549649,       2.848776597,       5.973233349,      0.3193932739
          0,           0,         394,      0.2959952556,       3.238670579,       2.870173804,       5.993937987,      0.3228423422
          0,           0,         395,      0.2985025838,        3.24077947,        2.87659642,       6.000841237,      0.3249668665
          0,           0,         396,      0.2891532349,       3.231107315,       2.870015885,       5.995654439,      0.3260090055
          0,           0,         397,      0.2706107419,       3.212241752,       2.852844495,       5.980536372,      0.3262618217
          0,           0,         398,      0.2454960736,       3.186742853,       2.827425464,       5.957664651,      0.3260250046
          0,           0,         399,      0.2162212666,       3.156945087,       2.795818463,       5.929028248,      0.3255612089
          0,           0,         400,      0.1847714792,       3.124693591,       2.759462056,        5.89603693,      0.3251032374
          0,           0,         401,      0.1532673163,       3.092112265,       2.719889847,       5.860631669,       0.324854693
          0,           0,         402,      0.1233886558,       3.060820885,       2.678299722,       5.824357716,      0.3249839303
          0,           0,         403,      0.0965162373,       3.032189093,        2.63585422,       5.788750185,      0.3254581838
          0,           0,         404,     0.07353112512,       3.007159471,       2.593674265,       5.755207355,      0.3264241048
          0,           0,         405,     0.05487188149,       2.986274321,       2.552872556,       5.724976804,      0.3278778195
          0,           0,         406,     0.04048613023,       2.969621531,       2.514504838,       5.699006803,      0.3297660508
          0,           0,         407,      0.0300283562,       2.956989272,       2.479639318,       5.677830692,      0.3320275206
          0,           0,         408,     0.02285860505,       2.947905641,       2.449268338,       5.661639426,      0.3346025074
          0,           0,         409,      0.0182876919,       2.941755946,       2.424107258,       5.650109167,      0.3374057373
          0,           0,         410,     0.01568325272,       2.937934425,       2.404497492,       5.642647843,      0.3403444539
          0,           0,         411,     0.01451920729,       2.935899086,       2.390387835,       5.638543826,       0.343331493
          0,           0,         412,     0.01439646447,       2.935207595,       2.381394077,       5.637096267,      0.3462804626
          0,           0,         413,     0.01527777721,       2.935779222,       2.377988064,        5.63791857,      0.3491662645
          0,           0,         414,     0.01679878547,        2.93731219,       2.378995774,        5.64030085,      0.3519522736
          0,           0,         415,     0.01879194209,       2.939701911,        2.38284208,       5.643896822,      0.3546102364
          0,           0,         416,     0.02132170598,        2.94299276,       2.388833275,        5.64870082,      0.3571451974
          0,           0,         417,     0.02443863506,       2.947140622,       2.396663602,       5.654675523,      0.3595956768
          0,           0,         418,     0.02864485647,       2.952076425,       2.406141029,       5.662026328,      0.3640170025
          0,           0,         419,     0.03274556927,        2.95751264,       2.416517342,       5.669733949,      0.3656362741
          0,           0,         420,     0.03694439381,        2.96326236,       2.427857206,       5.677746181,      0.3680964317
          0,           0,         421,     0.04131983007,       2.969158151,       2.439747572,       5.686011042,      0.3708789472
          0,           0,         422,     0.04571704029,       2.975031014,        2.45179029,       5.694340691,       0.373844434
          0,           0,         423,      0.0499717875,       2.980721411,       2.463721312,       5.702570068,      0.3769338767
          0,           0,         424,     0.05392182473,        2.98605324,       2.475285784,       5.710527168,       0.380108388
          0,           0,         425,     0.05741380841,        2.99085023,       2.486214738,       5.718023772,      0.3833395871
          0,           0,         426,     0.06032413971,       2.994970598,       2.496257094,       5.724883933,      0.3866151129
          0,           0,         427,     0.06255716786,       2.998314052,       2.505202119,       5.730958332,      0.3899172468
          0,           0,         428,     0.06406466193,       3.000838859,       2.512920973,       5.736156541,      0.3932348201
          0,           0,         429,     0.06484688747,       3.002560733,       2.519379925,       5.740456689,      0.3965539968
          0,           0,         430,     0.06494786857,       3.003544831,       2.524638931,       5.743903701,       0.399870288
          0,           0,         431,     0.06444881698,       3.003895131,       2.528840488,       5.746602557,      0.4031838986
          0,           0,         432,     0.06344392369,       3.003630533,       2.532273007,       5.748616166,      0.4064925487
          0,           0,         433,     0.06227118207,       3.003180814,       2.535152722,       5.750373938,      0.4098020749
          0,           0,         434,      0.0607515931,       3.002395326,       2.537480008,       5.751741194,      0.4131132593
          0,           0,         435,     0.05769636115,       2.999809991,       2.537065635,       5.750724559,       0.416416111
          0,           0,         436,     0.05399564265,       2.996530552,       2.535524942,       5.748770558,      0.4196373945
          0,           0,         437,     0.05001611723,       2.992993462,       2.533575131,       5.746471613,        0.42286518
          0,           0,         438,     0.04565452113,       2.989020732,       2.531131551,       5.743659122,      0.4261322945
          0,           0,         439,       0.040877028,       2.984538218,       2.528120098,       5.740258792,       0.429442496
          0,           0,         440,     0.03602406127,       2.979984912,       2.525028677,       5.736770233,      0.4327945152
          0,           0,         441,     0.03157120276,       2.975432186,       2.521983627,       5.733476641,        0.43934419
          0,           0,         442,     0.02662416769,       2.970857002,       2.519010754,       5.729951168,      0.4412095509
          0,           0,         443,     0.02159464909,       2.966302526,       2.516168386,       5.726405753,      0.4442142925
          0,           0,         444,     0.01663637951,       2.961784913,       2.513511528,       5.722963332,      0.4474862532
          0,           0,         445,     0.01176427258,       2.957327212,        2.51110126,       5.719653377,      0.4509423951
          0,           0,         446,    0.006993016474,       2.952953709,       2.509001919,       5.716508729,      0.4545019393
          0,           0,         447,    0.002271403356,       2.948342733,       2.506199023,       5.712760503,      0.4581296795
          0,           0,         448,   -0.002355018471,       2.943588272,       2.502719234,       5.708490966,      0.4617839432
          0,           0,         449,   -0.006703212177,       2.939133253,       2.499371481,       5.704410508,       0.465419209
          0,           0,         450,    -0.01081917948,       2.934892797,       2.496200687,        5.70049923,      0.4689950875
          0,           0,         451,    -0.01462103992,       2.930944906,       2.493302819,       5.696867645,      0.4724766418
          0,           0,         452,    -0.01799561732,       2.927396532,       2.490808154,       5.693664831,       0.475837587
          0,           0,         453,    -0.02082913023,       2.924353544,       2.488857142,       5.691040061,       0.479056273
          0,           0,         454,    -0.02291849895,       2.922025466,       2.487637474,       5.689190728,      0.4820758449
          0,           0,         455,    -0.02407277431,       2.920617774,       2.487444975,       5.688400255,      0.4848394124
          0,           0,         456,    -0.02429736481,       2.920120544,       2.488422725,       5.688743183,      0.4874277783
          0,           0,         457,     -0.0237728252,       2.919298416,       2.488713495,       5.688398327,      0.4899059216
          0,           0,         458,    -0.02222448792,       2.919095624,       2.489595239,        5.68857876,      0.4924490155
          0,           0,         459,    -0.02018282598,       2.919472259,       2.490590482,       5.689131178,      0.4950991886
          0,           0,         460,    -0.01772705186,       2.920492985,       2.491380624,       5.690026874,       0.497855666
          0,           0,         461,    -0.01459338222,        2.92225034,       2.491810131,       5.691458931,      0.5030408961
          0,           0,         462,    -0.01149846548,       2.924784374,       2.491848106,       5.693215421,      0.5047329939
          0,           0,         463,   -0.008096934225,       2.928142531,       2.491550759,       5.695561332,      0.5074095603
          0,           0,         464,   -0.004423719863,        2.93229321,       2.491041313,       5.698568634,      0.5104289937
          0,           0,         465,  -0.0005382001148,       2.937149875,       2.490491766,       5.702262154,      0.5136196044
          0,           0,         466,    0.003476271166,       2.942577253,       2.490079525,       5.706604982,      0.5169153174
          0,           0,         467,    0.007522732414,       2.948405366,       2.489957728,       5.711503494,       0.520284195
          0,           0,         468,     0.01149279632,       2.954442125,       2.490235727,        5.71681408,      0.5237007663
          0,           0,         469,     0.01527605839,       2.960491408,       2.490967535,       5.722362556,      0.5271409836
          0,           0,         470,     0.01876737914,       2.966369235,       2.492145185,       5.727961898,      0.5305806977
          0,           0,         471,     0.02187330015,       2.971916473,       2.493705841,       5.733430741,      0.5339908997
          0,           0,         472,     0.02457173469,       2.977101656,       2.495540007,       5.738671313,      0.5373498891
          0,           0,         473,     0.02674000728,       2.981721273,       2.497514147,       5.743471879,      0.5406264771
          0,           0,         474,     0.02831557971,       2.985673616,       2.499488443,       5.747701113,      0.5437925407
          0,           0,         475,     0.02927461492,       2.988919463,       2.501329294,       5.751284225,      0.5468182542
          0,           0,         476,     0.02981377415,        2.99144705,       2.502922531,       5.754255824,      0.5510529457
          0,           0,         477,     0.02950715617,       2.993250094,       2.504173494,       5.756428117,      0.5529606719
          0,           0,         478,     0.02860302371,       2.994360391,       2.505013201,       5.757895938,       0.555177621
          0,           0,         479,     0.02714146382,        2.99481178,       2.505393502,       5.758686681,      0.5573144857
          0,           0,         480,     0.02539183267,       2.994758903,       2.505498265,       5.759217587,       0.559025027
          0,           0,         481,     0.02287389773,       2.993982843,         2.5048312,       5.758715683,      0.5603008301
          0,           0,         482,      0.0199765474,       2.992739581,       2.503749124,       5.757775813,      0.5610911536
          0,           0,         483,     0.01701824248,       2.991286735,        2.50279223,       5.756909019,      0.5620476435
          0,           0,         484,     0.01293550518,       2.988930642,       2.500680302,       5.754618979,      0.5620675925
          0,           0,         485,    0.008702445312,       2.986234389,       2.498745357,        5.75225865,      0.5625315493
          0,           0,         486,    0.004169116015,       2.983282192,       2.496717847,       5.749681676,      0.5616230007
          0,           0,         487,  -0.0005185900557,        2.98013785,       2.494677827,       5.746988227,      0.5604995427
          0,           0,         488,   -0.005313173822,       2.976841783,         2.4927067,       5.744235816,       0.559016566
          0,           0,         489,    -0.01018389968,       2.973423412,       2.490889547,       5.741465723,      0.5571539349
          0,           0,         490,    -0.01505786309,       2.969905234,       2.489320116,       5.738727153,      0.5551600765
          0,           0,         491,    -0.02002292494,       2.966300737,       2.488111498,       5.736011746,      0.5524536896
          0,           0,         492,     -0.0250128102,       2.962622458,       2.487374885,       5.733362431,      0.5494506454
          0,           0,         493,      -0.030019041,       2.958873706,       2.487265617,       5.730803084,      0.5461096592
          0,           0,         494,    -0.03503127364,       2.955057908,        2.48797887,       5.728365471,      0.5424498849
          0,           0,         495,    -0.03517400144,       2.956663129,       2.481069956,       5.730133453,      0.5387380926
          0,           0,         496,    -0.03315450238,       2.960996319,        2.47597189,       5.734659893,      0.5352585008
          0,           0,         497,    -0.03052540345,       2.966267059,       2.476016064,       5.740677924,       0.531897151
          0,           0,         498,    -0.02775514466,       2.971826767,       2.481291263,       5.747622372,      0.5284669923
          0,           0,         499,    -0.02511845208,       2.977309689,       2.491038312,       5.755061754,      0.5248054425
